city	location	location_keyword
London	British Museum	british museum
London	National Gallery	national gallery
London	Tower of London	tower of london
London	V&A; - Victoria and Albert Museum	v a victoria and albert museum
London	Big Ben	big ben
London	Walking Tours (225)	walking tours
London	Churchill War Rooms	churchill war rooms
London	Houses of Parliament	houses of parliament
London	Natural History Museum	natural history museum
London	St. James's Park	st james s park
London	Tower Bridge	tower bridge
London	Theater & Performances (101)	theater performances
London	Hyde Park	hyde park
London	City Tours (183)	city tours
London	Wallace Collection	wallace collection
London	Westminster Abbey	westminster abbey
London	Borough Market	borough market
London	Room Escape Games (32)	room escape games
London	The London Eye	the london eye
London	Regent's Park	regent s park
London	Private Tours (169)	private tours
London	Up at The O2	up at the o2
London	Camden Market	camden market
London	Brick Lane Music Hall	brick lane music hall
London	Sky Garden	sky garden
London	The Courtauld Gallery	the courtauld gallery
London	St. Paul's Cathedral	st paul s cathedral
London	The Royal Air Force Museum London	the royal air force museum london
London	Westminster	westminster
London	Covent Garden	covent garden
London	Royal Opera House	royal opera house
London	Historical & Heritage Tours (121)	historical heritage tours
London	Greenwich	greenwich
London	Bomber Command Memorial	bomber command memorial
London	Shakespeare's Globe Theatre	shakespeare s globe theatre
London	Sightseeing Tours (127)	sightseeing tours
London	Buckingham Palace	buckingham palace
London	National Portrait Gallery	national portrait gallery
London	Kensington Gardens	kensington gardens
London	The All England Lawn Tennis Club	the all england lawn tennis club
London	Imperial War Museum	imperial war museum
London	The View from The Shard	the view from the shard
London	Greenwich Park	greenwich park
London	British Library	british library
London	Boat Tours (37)	boat tours
London	Hampstead Heath	hampstead heath
London	Museum of London	museum of london
London	Primrose Hill	primrose hill
London	Cultural Tours (95)	cultural tours
London	Bar, Club & Pub Tours (31)	bar club pub tours
London	Arsenal Stadium Tours & Museum	arsenal stadium tours museum
London	Tate Britain	tate britain
London	Holland Park	holland park
London	Trafalgar Square	trafalgar square
London	Emirates Stadium	emirates stadium
London	Lord's Cricket Ground	lord s cricket ground
London	Hunterian Museum	hunterian museum
London	Emirates Air Line Cable Car - Greenwich Peninsula	emirates air line cable car greenwich peninsula
London	HMS Belfast	hms belfast
London	Emirates Air Line Cable Car - Royal Docks	emirates air line cable car royal docks
London	Open Air Theatre	open air theatre
London	Highgate Cemetery	highgate cemetery
London	Sir John Soane's Museum	sir john soane s museum
London	Old Royal Naval College	old royal naval college
London	Wimbledon Lawn Tennis Museum	wimbledon lawn tennis museum
London	South Bank	south bank
London	Notting Hill	notting hill
London	St. Pancras International Station	st pancras international station
London	Eltham Palace and Gardens	eltham palace and gardens
London	Savoy Theatre	savoy theatre
London	National Theatre	national theatre
London	Bars & Clubs (1153)	bars clubs
London	Thames River	thames river
London	Science Museum	science museum
London	Museum of London Docklands	museum of london docklands
London	Westminster Cathedral	westminster cathedral
London	Harrods	harrods
London	Lyceum Theatre	lyceum theatre
London	Stamford Bridge Stadium	stamford bridge stadium
London	Museum of Brands, Packaging and Advertising	museum of brands packaging and advertising
London	Madame Tussauds London	madame tussauds london
London	Royal Academy of Arts	royal academy of arts
London	Cutty Sark	cutty sark
London	West End Theatre District	west end theatre district
London	Gift & Specialty Shops (452)	gift specialty shops
London	Saatchi Gallery	saatchi gallery
London	Oxford Street	oxford street
London	The Charles Dickens Museum	the charles dickens museum
London	Diana Princess of Wales Memorial Playground	diana princess of wales memorial playground
London	Freemasons' Hall	freemasons hall
London	Wellcome Collection	wellcome collection
London	Aldwych Theatre	aldwych theatre
London	Apollo Victoria Theatre	apollo victoria theatre
London	Tate Modern	tate modern
London	Palace Theatre	palace theatre
London	Regent Street	regent street
London	Bateaux London	bateaux london
London	ArcelorMittal Orbit	arcelormittal orbit
London	Piccadilly Circus	piccadilly circus
London	Prince Edward Theatre	prince edward theatre
London	Soho	soho
London	Kenwood House	kenwood house
London	Her Majesty's Theatre London	her majesty s theatre london
London	Portobello Road Market	portobello road market
London	Battersea Park	battersea park
London	Lessons & Workshops (82)	lessons workshops
London	Brick Lane	brick lane
London	White Hart Lane	white hart lane
London	The Old Vic	the old vic
London	Apsley House	apsley house
London	Temple Church	temple church
London	Old Spitalfields Market	old spitalfields market
London	Geffrye Museum	geffrye museum
London	Grant Museum of Zoology	grant museum of zoology
London	Leighton House Museum and Art Gallery	leighton house museum and art gallery
London	Horse Guards Parade at Whitehall	horse guards parade at whitehall
London	Chelsea Physic Garden	chelsea physic garden
London	Old Operating Theatre	old operating theatre
London	Maltby Street Market	maltby street market
London	The Monument to the Great Fire of London	the monument to the great fire of london
London	Columbia Road Flower Market	columbia road flower market
London	Green Park	green park
London	BAPS Shri Swaminarayan Mandir	baps shri swaminarayan mandir
London	New London Theatre	new london theatre
London	Millennium Bridge	millennium bridge
London	Postman's Park	postman s park
London	King's Cross Station	king s cross station
London	The London Film Museum - Covent Garden	the london film museum covent garden
London	Game & Entertainment Centers (65)	game entertainment centers
London	Taxis & Shuttles (148)	taxis shuttles
London	Somerset House	somerset house
London	Westfield London	westfield london
London	Theatre Royal Drury Lane	theatre royal drury lane
London	Southwark Cathedral	southwark cathedral
London	Greenwich Market	greenwich market
London	Royal Observatory Greenwich	royal observatory greenwich
London	Food Tours (25)	food tours
London	Harold Pinter Theatre	harold pinter theatre
London	Novello Theatre	novello theatre
London	Royal Mews	royal mews
London	Albert Memorial	albert memorial
London	Bank of England Museum	bank of england museum
London	Barbican Centre	barbican centre
London	Leicester Square	leicester square
London	London Transport Museum	london transport museum
London	Noel Coward Theatre	noel coward theatre
London	WWT London Wetland Centre	wwt london wetland centre
London	Bond Street	bond street
London	Abbey Road	abbey road
London	Horniman Museum and Gardens	horniman museum and gardens
London	Guildhall Art Gallery	guildhall art gallery
London	Speed Boats Tours (3)	speed boats tours
London	Canary Wharf	canary wharf
London	Westminster Bridge	westminster bridge
London	South Kensington	south kensington
London	Bike Tours (25)	bike tours
London	Queen's Theatre	queen s theatre
London	Day Trips (32)	day trips
London	Westfield Stratford City	westfield stratford city
London	National Maritime Museum	national maritime museum
London	Bus Tours (23)	bus tours
London	ZSL London Zoo	zsl london zoo
London	Parliament Square	parliament square
London	Golden Hinde	golden hinde
London	Regents Canal	regents canal
London	Gielgud Theatre	gielgud theatre
London	Nelson's Column	nelson s column
London	Queen Elizabeth Olympic Park	queen elizabeth olympic park
London	Sadler's Wells	sadler s wells
London	V&A; Museum of Childhood	v a museum of childhood
London	Prince of Wales Theatre	prince of wales theatre
London	Kensington Palace	kensington palace
London	Olympic Stadium	olympic stadium
London	Carnaby Street	carnaby street
London	Paddington Station	paddington station
London	Hippodrome Casino	hippodrome casino
London	British Film Institute IMAX Cinema	british film institute imax cinema
London	Pop Brixton	pop brixton
London	London Coliseum	london coliseum
London	Queen Victoria Memorial	queen victoria memorial
London	Cooking Classes (40)	cooking classes
London	Winter Wonderland	winter wonderland
London	Comedy Clubs (45)	comedy clubs
London	London Palladium	london palladium
London	Literary, Art & Music Tours (24)	literary art music tours
London	The Mall	the mall
London	The O2	the o2
London	Clink Prison Museum	clink prison museum
London	Chinatown	chinatown
London	Shaftesbury Theatre	shaftesbury theatre
London	Piccadilly Theatre	piccadilly theatre
London	Russell Square	russell square
London	William Morris Gallery	william morris gallery
London	Dulwich Picture Gallery	dulwich picture gallery
London	Wellington Arch	wellington arch
London	Criterion Theatre	criterion theatre
London	Duck Tours (1)	duck tours
London	Rail Tours (2)	rail tours
London	Little Venice	little venice
London	Apollo Theatre	apollo theatre
London	Craven Cottage	craven cottage
London	Kyoto Garden	kyoto garden
London	Dinerama - Street Feast	dinerama street feast
London	Camden Locks Canalside	camden locks canalside
London	30 St Mary Axe (The Gherkin)	30 st mary axe the gherkin
London	Phoenix Theatre	phoenix theatre
London	Banqueting House	banqueting house
London	DreamWork's Tours Shrek's Adventure! London	dreamwork s tours shrek s adventure london
London	Wilton's Music Hall	wilton s music hall
London	Diana Princess of Wales Memorial Fountain	diana princess of wales memorial fountain
London	St. Dunstan in the East	st dunstan in the east
London	Southbank Centre	southbank centre
London	King's Cross Theatre	king s cross theatre
London	Royal Courts of Justice	royal courts of justice
London	ExCeL London	excel london
London	Freud Museum	freud museum
London	Novelty Automation	novelty automation
London	The Household Cavalry Museum	the household cavalry museum
London	Garrick Theatre	garrick theatre
London	Dennis Severs' House	dennis severs house
London	Victoria Park	victoria park
London	Railways (7)	railways
London	Boxpark Shoreditch	boxpark shoreditch
London	Roundhouse	roundhouse
London	Sea Life London Aquarium	sea life london aquarium
London	The Foundling Museum	the foundling museum
London	Crystal Palace Park	crystal palace park
London	Graffik Gallery	graffik gallery
London	Broadway Market	broadway market
London	Horse Guards Building	horse guards building
London	Abbey Road Studios	abbey road studios
London	Greenwich Foot Tunnel	greenwich foot tunnel
London	Ripley's Believe It or Not!	ripley s believe it or not
London	Movie & TV Tours (21)	movie tv tours
London	Florence Nightingale Museum	florence nightingale museum
London	Sherlock Holmes Museum	sherlock holmes museum
London	The UK Supreme Court	the uk supreme court
London	Brewery Tours (14)	brewery tours
London	All Hallows Barking-by-the-Tower	all hallows barking by the tower
London	Duke of York's Theatre	duke of york s theatre
London	City Hall	city hall
London	The Fan Museum	the fan museum
London	Royal Hospital Chelsea	royal hospital chelsea
London	Knightsbridge	knightsbridge
London	Distillery Tours (2)	distillery tours
London	Admiralty Arch	admiralty arch
London	Brixton	brixton
London	One New Change	one new change
London	Jewish Museum	jewish museum
London	Spas (222)	spas
London	Hammersmith Apollo Theatre	hammersmith apollo theatre
London	Lyric Theatre London	lyric theatre london
London	RHS Chelsea Flower Show	rhs chelsea flower show
London	Victoria Palace Theatre	victoria palace theatre
London	The New Wimbledon Theatre	the new wimbledon theatre
London	The Roof Gardens	the roof gardens
London	Clarence House	clarence house
London	Tardis Police Box	tardis police box
London	Leake Street Tunnel	leake street tunnel
London	The Magic Circle	the magic circle
London	Hay's Galleria	hay s galleria
London	St James Theatre	st james theatre
London	Gods Own Junkyard	gods own junkyard
London	Burlington Arcade	burlington arcade
London	Sipsmith Distillery	sipsmith distillery
London	Newport Street Gallery	newport street gallery
London	Chiswick House	chiswick house
London	Brompton Cemetery	brompton cemetery
London	Brick Lane Market	brick lane market
London	The Queen's Gallery	the queen s gallery
London	Wigmore Hall	wigmore hall
London	Whitehall	whitehall
London	Brixton Village	brixton village
London	Cambridge Theatre	cambridge theatre
London	West End	west end
London	Menier Chocolate Factory	menier chocolate factory
London	St. Martins Theatre	st martins theatre
London	Royal Festival Hall	royal festival hall
London	Church of St. Bartholomew the Great	church of st bartholomew the great
London	Jack the Ripper Museum	jack the ripper museum
London	Cenotaph	cenotaph
London	Playhouse Theatre	playhouse theatre
London	Two Temple Place	two temple place
London	Movie Theaters (66)	movie theaters
London	Shaftsbury Theatre	shaftsbury theatre
London	Mercato Metropolitano London	mercato metropolitano london
London	20 Fenchurch	20 fenchurch
London	Serpentine Galleries	serpentine galleries
London	Baker Street	baker street
London	Boleyn Ground	boleyn ground
London	Mayfair	mayfair
London	The Queen's Walk	the queen s walk
London	Guards Museum	guards museum
London	London Victoria Station	london victoria station
London	Peter Harrison Planetarium	peter harrison planetarium
London	Mudchute Park & Farm	mudchute park farm
London	BFI Southbank	bfi southbank
London	Handel & Hendrix in London	handel hendrix in london
London	The Museum of the Order of St John	the museum of the order of st john
London	Petrie Museum of Egyptian Archaeology	petrie museum of egyptian archaeology
London	Bayswater	bayswater
London	Waterloo mainline station	waterloo mainline station
London	Millwall Football Club Stadium	millwall football club stadium
London	Queen Mary's Gardens	queen mary s gardens
London	Battle of Britain Monument	battle of britain monument
London	Kensington High Street	kensington high street
London	Piccadilly Market	piccadilly market
London	The London Silver Vaults	the london silver vaults
London	Hampstead	hampstead
London	Beefeater Gin Distillery	beefeater gin distillery
London	Lyric Hammersmith	lyric hammersmith
London	Marble Arch	marble arch
London	West Ham United FC	west ham united fc
London	Leicester Square Theatre	leicester square theatre
London	St. Christopher's Place	st christopher s place
London	Waterloo Bridge	waterloo bridge
London	Hatton Garden	hatton garden
London	King's Cross	king s cross
London	Kensington	kensington
London	Marylebone	marylebone
London	Street Feast Dalston Yard	street feast dalston yard
London	The Kia Oval	the kia oval
London	Victoria Embankment	victoria embankment
London	Southwark	southwark
London	The Old Truman Brewery	the old truman brewery
London	London Canal Museum	london canal museum
London	Haymarket Theatre Royal	haymarket theatre royal
London	Victoria Embankment Gardens	victoria embankment gardens
London	Olympia London	olympia london
London	East London Liquor Company	east london liquor company
London	Cleopatra's Needle	cleopatra s needle
London	Jermyn Street	jermyn street
London	Ghost & Vampire Tours (9)	ghost vampire tours
London	Harvey Nichols	harvey nichols
London	Platform 9 3/4	platform 9 3 4
London	Seven Dials	seven dials
London	Dr. Johnson's House	dr johnson s house
London	Spencer House	spencer house
London	The London Oratory	the london oratory
London	Winston Churchill Statue	winston churchill statue
London	Golders Hill Park	golders hill park
London	Animals in War Memorial	animals in war memorial
London	The Cartoon Museum	the cartoon museum
London	The Arts Theatre	the arts theatre
London	Photographers' Gallery	photographers gallery
London	Battersea Park Children's Zoo	battersea park children s zoo
London	Wimbledon Common	wimbledon common
London	The Crystal	the crystal
London	Young Vic	young vic
London	Queen's House	queen s house
London	Wesley's Chapel & Museum of Methodism	wesley s chapel museum of methodism
London	Cadogan Hall	cadogan hall
London	Concerts (12)	concerts
London	St. Paul's Church (The Actors' Church)	st paul s church the actors church
London	Fortune Theatre	fortune theatre
London	Granary Square	granary square
London	18 Stafford Terrace - The Sambourne Family Home	18 stafford terrace the sambourne family home
London	Fenton House	fenton house
London	Severndroog Castle	severndroog castle
London	Donmar Warehouse	donmar warehouse
London	Earl's Court	earl s court
London	Peter Pan Statue	peter pan statue
London	Italian Gardens	italian gardens
London	Apple Market	apple market
London	Photography Tours (18)	photography tours
London	London Bridge	london bridge
London	St. Clement Danes	st clement danes
London	Hackney Empire	hackney empire
London	Other Outdoor Activities (26)	other outdoor activities
London	London Cru	london cru
London	Albert Bridge	albert bridge
London	Camden Passage	camden passage
London	Charing Cross Theatre	charing cross theatre
London	Library and Museum of Freemasonry	library and museum of freemasonry
London	Women of World War II Memorial	women of world war ii memorial
London	Keats House	keats house
London	Whitecross Street Market	whitecross street market
London	Chelsea	chelsea
London	Carlyle's House	carlyle s house
London	Coffee & Tea Tours (4)	coffee tea tours
London	Theatre Royal Stratford East	theatre royal stratford east
London	Alice's Adventures Underground	alice s adventures underground
London	Statue of Eros	statue of eros
London	Boadicea Monument	boadicea monument
London	Golden Jubilee Bridges	golden jubilee bridges
London	Guildhall	guildhall
London	St. James's Church	st james s church
London	Pimlico	pimlico
London	Saint Margaret's Church on Parliament Square	saint margaret s church on parliament square
London	Garden Lodge Queen, Londra	garden lodge queen londra
London	Mall Galleries	mall galleries
London	Blackfriars Bridge	blackfriars bridge
London	Surrey Docks Farm	surrey docks farm
London	Middle Temple Hall	middle temple hall
London	Old Bailey	old bailey
London	Charing Cross Road	charing cross road
London	Fashion & Textile Museum	fashion textile museum
London	Jubilee Gardens	jubilee gardens
London	St. James's Palace	st james s palace
London	Queen Elizabeth II Great Court	queen elizabeth ii great court
London	Southwark Playhouse	southwark playhouse
London	St Bride's	st bride s
London	Virgin Trains	virgin trains
London	Bankside	bankside
London	Downing Street	downing street
London	Speakers' Corner	speakers corner
London	Canary Wharf Crossrail Roof Garden	canary wharf crossrail roof garden
London	Thames Barrier Park	thames barrier park
London	Tower 42	tower 42
London	Wimbledon	wimbledon
London	Kings Place	kings place
London	Park Theatre	park theatre
London	The Victoria Tower Gardens	the victoria tower gardens
London	London Transport Museum Depot	london transport museum depot
London	The Thames Barrier	the thames barrier
London	Methodist Central Hall Westminster	methodist central hall westminster
London	Selhurst Park	selhurst park
London	Ambassadors Theatre	ambassadors theatre
London	Almeida Theatre	almeida theatre
London	Lloyds of London	lloyds of london
London	Clissold Park	clissold park
London	Fleet Street	fleet street
London	Dulwich Park	dulwich park
London	Hammersmith	hammersmith
London	Royal Court Theatre	royal court theatre
London	English National Ballet Nutcracker	english national ballet nutcracker
London	Bishop's Park	bishop s park
London	Serpentine Boating Lake	serpentine boating lake
London	Park Lane	park lane
London	Strand	strand
London	Art of the Brick	art of the brick
London	Fulham Palace	fulham palace
London	The Crossness Pumping Station	the crossness pumping station
London	Night Tours (18)	night tours
London	Chiswick	chiswick
London	Discover Greenwich Visitor Centre	discover greenwich visitor centre
London	Howling Hops	howling hops
London	London Fields Brewery	london fields brewery
London	Vauxhall City Farm	vauxhall city farm
London	Crossrail Place Roof Garden	crossrail place roof garden
London	Victoria Station Travel Information Centre	victoria station travel information centre
London	Jewel Tower	jewel tower
London	Parliament Hill Fields	parliament hill fields
London	Sloane Square	sloane square
London	Arcola Theatre	arcola theatre
London	Jamon Jamon Paella	jamon jamon paella
London	Shad Thames	shad thames
London	Crossbones Graveyard	crossbones graveyard
London	National Army Museum	national army museum
London	Jazz Clubs & Bars (19)	jazz clubs bars
London	London Central Mosque	london central mosque
London	Mini Golf (5)	mini golf
London	Royal Geographical Society with IBG	royal geographical society with ibg
London	Brunel Museum	brunel museum
London	Clapham Common	clapham common
London	The Arch Climbing Wall	the arch climbing wall
London	Lincoln's Inn	lincoln s inn
London	Soho Square	soho square
London	Lee Valley Regional Park	lee valley regional park
London	King's Head Theatre	king s head theatre
London	White Cube Gallery	white cube gallery
London	Cheese at Leadenhall	cheese at leadenhall
London	The Rose Theatre	the rose theatre
London	2 Willow Road	2 willow road
London	Kempton Park Racecourse	kempton park racecourse
London	Tavistock Square	tavistock square
London	Holborn	holborn
London	BT Tower (The British Telecom Tower)	bt tower the british telecom tower
London	Burgh House	burgh house
London	Savile Row	savile row
London	City of London Information Centre	city of london information centre
London	Christ Church Spitalfields	christ church spitalfields
London	Hill Garden & Pergola	hill garden pergola
London	Loftus Road Stadium	loftus road stadium
London	Sutton House	sutton house
London	Tricycle Theatre	tricycle theatre
London	Hampstead Theatre	hampstead theatre
London	Blackheath	blackheath
London	Whitechapel Gallery	whitechapel gallery
London	Sunday Up Market	sunday up market
London	Paul Smith Sale Shop	paul smith sale shop
London	Abney Park Cemetery	abney park cemetery
London	Tower Hamlets Cemetery Park	tower hamlets cemetery park
London	Battersea Power Station	battersea power station
London	Paternoster Square	paternoster square
London	Kayaking & Canoeing (5)	kayaking canoeing
London	Horseback Riding Tours (9)	horseback riding tours
London	Old St Pancras Church	old st pancras church
London	Deen City Farm	deen city farm
London	Estorick Collection of Modern Italian Art	estorick collection of modern italian art
London	Shaftesbury Avenue	shaftesbury avenue
London	Australian War Memorial	australian war memorial
London	Bowling Alleys (12)	bowling alleys
London	Health/Fitness Clubs & Gyms (61)	health fitness clubs gyms
London	Wine Bars (16)	wine bars
London	Sloane Street	sloane street
London	Wimbledon Greyhound Stadium	wimbledon greyhound stadium
London	Virgin Money London Marathon	virgin money london marathon
London	Grosvenor Square	grosvenor square
London	Trinity Hill Memorial	trinity hill memorial
London	Eventim Apollo	eventim apollo
London	Polka Theatre for Children	polka theatre for children
London	Mansion House of City of London	mansion house of city of london
London	Dance Clubs & Discos (42)	dance clubs discos
London	Lambeth Palace	lambeth palace
London	London Wall	london wall
London	Lincoln's Inn Fields	lincoln s inn fields
London	Ealing Broadway Shopping Centre	ealing broadway shopping centre
London	Stoke Newington	stoke newington
London	St Paul's Church	st paul s church
London	St Pancras Parish Church	st pancras parish church
London	Bunhill Fields	bunhill fields
London	Copper Box Arena	copper box arena
London	St. Stephen Walbrook	st stephen walbrook
London	Adelphi Theatre	adelphi theatre
London	Bloomsbury	bloomsbury
London	Business Design Centre	business design centre
London	Gabriel's Wharf	gabriel s wharf
London	Millennium Mile	millennium mile
London	The Who Shop	the who shop
London	New Zealand Memorial	new zealand memorial
London	Angel	angel
London	BBC Television Centre	bbc television centre
London	House of Illustration	house of illustration
London	Southwark Bridge	southwark bridge
London	Charles I Statue	charles i statue
London	Bloomsbury Square	bloomsbury square
London	Opera Holland Park	opera holland park
London	Coram's Fields	coram s fields
London	Aspers Casino Westfield Stratford City	aspers casino westfield stratford city
London	Hackney City Farm	hackney city farm
London	Finsbury Park	finsbury park
London	East London Mosque & London Muslim Centre	east london mosque london muslim centre
London	Cecil Court	cecil court
London	Garden Museum	garden museum
London	VauxWall Climbing Centre	vauxwall climbing centre
London	Roman Amphitheatre	roman amphitheatre
London	Bankside Gallery	bankside gallery
London	Buddhapadipa Temple	buddhapadipa temple
London	Southbank Centre Food Markets	southbank centre food markets
London	Stepney City Farm	stepney city farm
London	Billingsgate Roman Bath House	billingsgate roman bath house
London	St. John's Smith Square	st john s smith square
London	Halcyon Gallery	halcyon gallery
London	St. Etheldreda's	st etheldreda s
London	St. John's Wood	st john s wood
London	Ealing	ealing
London	Royal Artillery Memorial	royal artillery memorial
London	Castle Climbing Centre	castle climbing centre
London	St. Mary-le-Bow	st mary le bow
London	Wellington Barracks	wellington barracks
London	Exmouth Market	exmouth market
London	Whiteleys	whiteleys
London	Ragged School Museum	ragged school museum
London	Battersea Dogs & Cats Home	battersea dogs cats home
London	Alfies Antiques Market	alfies antiques market
London	Royal Institution of Great Britain	royal institution of great britain
London	The Cinema Museum	the cinema museum
London	Hayward Gallery	hayward gallery
London	Royal Institute of British Architects	royal institute of british architects
London	Lambeth Bridge	lambeth bridge
London	Everyman Cinemas Screen on the Green	everyman cinemas screen on the green
London	Scavenger Hunts (6)	scavenger hunts
London	Old Compton Street	old compton street
London	Guildhall	guildhall
London	Woolwich Ferry	woolwich ferry
London	Open Garden Squares Weekend	open garden squares weekend
London	Nunhead Cemetery, South London	nunhead cemetery south london
London	575 Wandsworth Road	575 wandsworth road
London	Duke Of York Column	duke of york column
London	Wanstead Park	wanstead park
London	Riverside Studios	riverside studios
London	Hogarth's House	hogarth s house
London	Peckham Rye Park	peckham rye park
London	The View Tube	the view tube
London	Discover Children’s Story Centre	discover children s story centre
London	The Grosvenor Victoria Casino London	the grosvenor victoria casino london
London	Institute of Contemporary Arts	institute of contemporary arts
London	Duke of Wellington Statue	duke of wellington statue
London	Vauxhall Bridge	vauxhall bridge
London	Bus Transportation (9)	bus transportation
London	Little Ben	little ben
London	HQS Wellington	hqs wellington
London	Spitalfields City Farm	spitalfields city farm
London	Petticoat Lane	petticoat lane
London	Shakespeare Monument	shakespeare monument
London	Greenwich Theatre	greenwich theatre
London	Berkeley Square	berkeley square
London	London 'Roman' Bath	london roman bath
London	Royal London Hospital Museum	royal london hospital museum
London	Empire Casino	empire casino
London	Still Water Horse Head Statue	still water horse head statue
London	Beavertown Brewery	beavertown brewery
London	East End	east end
London	Royal College of Physicians	royal college of physicians
London	Barbican Gallery	barbican gallery
London	Kensal Green Cemetery	kensal green cemetery
London	Heron Tower	heron tower
London	Brent Lodge Park Animal Centre	brent lodge park animal centre
London	Camley Street Natural Park	camley street natural park
London	St. Magnus The Martyr	st magnus the martyr
London	St Olave's Church	st olave s church
London	Paddington Waterside	paddington waterside
London	Threadneedle Street	threadneedle street
London	Alexander Fleming Laboratory Museum	alexander fleming laboratory museum
London	Rolling Bridge	rolling bridge
London	David Bowie Memorial	david bowie memorial
London	Grosvenor Casino St Giles	grosvenor casino st giles
London	Bevis Marks Synagogue	bevis marks synagogue
London	Royal Academy of Music Museum	royal academy of music museum
London	Rich Mix	rich mix
London	I Can't Sing! - London Theatreland	i can t sing london theatreland
London	Chinalife	chinalife
London	Piccadilly Theater	piccadilly theater
London	Jermyn Street Theatre	jermyn street theatre
London	Nespresso Boutique	nespresso boutique
London	ISKCON London	iskcon london
London	Michelin House	michelin house
London	I Am the Greatest - Muhammad Ali at The O2	i am the greatest muhammad ali at the o2
London	Docklands	docklands
London	Queen's Chapel of the Savoy	queen s chapel of the savoy
London	Swiss Glockenspiel	swiss glockenspiel
London	White Bear Theatre	white bear theatre
London	WIlliam Wallace Memorial	william wallace memorial
London	Tooting Bec Lido	tooting bec lido
London	All Souls Church	all souls church
London	The Kernel Brewery	the kernel brewery
London	Ranger's House	ranger s house
London	Other Fun & Games (15)	other fun games
London	Walpole Park	walpole park
London	Lower Marsh Market	lower marsh market
London	Running Tours (7)	running tours
London	The Tabernacle	the tabernacle
London	Victoria Miro Gallery	victoria miro gallery
London	Fourpure Brewing Co.	fourpure brewing co
London	Bluebird-The King's Road Gastrodrome	bluebird the king s road gastrodrome
London	The London Fire Brigade Museum	the london fire brigade museum
London	The Design Museum	the design museum
London	Kennington Park	kennington park
London	Inner Temple	inner temple
London	Whitehall Palace	whitehall palace
London	City of London Police Museum	city of london police museum
London	Berwick Street Market	berwick street market
London	Woolwich Foot Tunnel	woolwich foot tunnel
London	Bush Theatre	bush theatre
London	Holy Trinity Sloane Square	holy trinity sloane square
London	The House of St Barnabas	the house of st barnabas
London	Piccadilly Arcade	piccadilly arcade
London	Old Hampstead Village	old hampstead village
London	3 Savile Row	3 savile row
London	Bargehouse, Oxo Tower Wharf	bargehouse oxo tower wharf
London	Whistle Punks Urban Axe Throwing	whistle punks urban axe throwing
London	Equestrian Statue of George IV	equestrian statue of george iv
London	The Temple Brew House	the temple brew house
London	High Holborn	high holborn
London	Peace Pagoda	peace pagoda
London	Vallebona	vallebona
London	The London Theatre	the london theatre
London	ATP World Tour Finals	atp world tour finals
London	House of Vans	house of vans
London	Vestry House Museum	vestry house museum
London	Gallions Reach Shopping Park	gallions reach shopping park
London	Urban Food Fest	urban food fest
London	Little Angel Theatre	little angel theatre
London	Dalston Eastern Curve Garden	dalston eastern curve garden
London	Canada Place Mall	canada place mall
London	Landor Theatre	landor theatre
London	Kensington Square	kensington square
London	Streatham Common	streatham common
London	Princess Diana/Dodi Fayed Memorial	princess diana dodi fayed memorial
London	Curzon Mayfair	curzon mayfair
London	Chelsea Bridge	chelsea bridge
London	Aveqia	aveqia
London	The Faraday Museum	the faraday museum
London	Gift Horse on the Fourth Plinth	gift horse on the fourth plinth
London	Vertical Chill	vertical chill
London	St. Lawrence Jewry	st lawrence jewry
London	Pompeii & Herculaneum Exhibition	pompeii herculaneum exhibition
London	Trinity Buoy Wharf	trinity buoy wharf
London	Notting Hill Carnival	notting hill carnival
London	Joanna Rowsell's Gold Post Box - Cheam	joanna rowsell s gold post box cheam
London	Belmont Children's Farm	belmont children s farm
London	Aldwych Tube Station	aldwych tube station
London	The Memorial Gates	the memorial gates
London	Temple Bar Memorial	temple bar memorial
London	Wardour Street	wardour street
London	Island Gardens	island gardens
London	University of London	university of london
London	Lloyd Park	lloyd park
London	The Wild Card Brewery	the wild card brewery
London	St Mary Abbots Church	st mary abbots church
London	National Firefighters Memorial	national firefighters memorial
London	MCC Cricket Museum	mcc cricket museum
London	All Saints Margaret Street	all saints margaret street
London	Brockley Jack Studio Theatre	brockley jack studio theatre
London	Sicilian Avenue	sicilian avenue
London	Bridewell Theatre	bridewell theatre
London	Lee Valley Ice Centre	lee valley ice centre
London	Marylebone Farmers' Market	marylebone farmers market
London	Brockwell Park Walled Garden	brockwell park walled garden
London	St. Dunstan In The West	st dunstan in the west
London	Newham City Farm	newham city farm
London	Saint Bartholomew's Hospital Museum	saint bartholomew s hospital museum
London	Paddington Street Garden	paddington street garden
London	Hertford House	hertford house
London	London Fields Park	london fields park
London	Winchester Palace	winchester palace
London	New Beckton Park	new beckton park
London	St. Mary le Strand	st mary le strand
London	Festival Pier	festival pier
London	Brixton Windmill	brixton windmill
London	Buxton Memorial Fountain	buxton memorial fountain
London	Finborough Theatre	finborough theatre
London	Covent Garden	covent garden
London	Acklam Village Market	acklam village market
London	New Shepherd's Bush Market	new shepherd s bush market
London	Charlton Athletic Football Club	charlton athletic football club
London	Greenwich Peninsula Ecology Park	greenwich peninsula ecology park
London	A Complete History of London Show	a complete history of london show
London	Genting Casino Chinatown London	genting casino chinatown london
London	Holy Trinity Brompton Church	holy trinity brompton church
London	St John's Gate	st john s gate
London	Canary Wharf Tower	canary wharf tower
London	Cardinal Place	cardinal place
London	Boy David Memorial	boy david memorial
London	Bethnal Green	bethnal green
London	Altitude 360	altitude 360
London	Chickenshed Theatre	chickenshed theatre
London	Gray's Antique Markets	gray s antique markets
London	Kirkaldy Testing Museum	kirkaldy testing museum
London	Factory Tours (1)	factory tours
London	Southside House	southside house
London	Queen's Park	queen s park
London	Chiswick House and Gardens	chiswick house and gardens
London	Broadgate Ice Rink	broadgate ice rink
London	Aldwych Area	aldwych area
London	Isle of Dogs	isle of dogs
London	Palm Beach Casino	palm beach casino
London	Crystal Palace Food Market	crystal palace food market
London	Old Red Lion Theatre	old red lion theatre
London	Gunnersbury Park and Museum	gunnersbury park and museum
London	Dorich House Museum	dorich house museum
London	Charlton House	charlton house
London	Lewisham Market	lewisham market
London	Bloomsbury Farmers Market	bloomsbury farmers market
London	Notting Hill Coronet	notting hill coronet
London	Tower Hill Pageant	tower hill pageant
London	Millbank Tower	millbank tower
London	HM Treasury	hm treasury
London	Canada Memorial	canada memorial
London	Gay Clubs & Bars (18)	gay clubs bars
London	Troxy	troxy
London	London School of Economics	london school of economics
London	London Stadium	london stadium
London	Clocktower Market	clocktower market
London	Wandsworth Common	wandsworth common
London	The Aeronaut - Microbrewery	the aeronaut microbrewery
London	Neal Street	neal street
London	Christopher Wren's Temple Bar	christopher wren s temple bar
London	Above The Stag Theatre	above the stag theatre
London	The Diana Princess of Wales Memorial Walk	the diana princess of wales memorial walk
London	Chancery Lane	chancery lane
London	The Bloomsbury Theatre	the bloomsbury theatre
London	Clapham	clapham
London	Crystal Palace Museum	crystal palace museum
London	Crimean War Memorial	crimean war memorial
London	Serpentine Gallery	serpentine gallery
London	Tooting Common	tooting common
London	Taste of London	taste of london
London	Museum of Comedy	museum of comedy
London	Ben Uri Gallery and Museum, London: Art, Identity, Migration	ben uri gallery and museum london art identity migration
London	Ferny Hill Farm	ferny hill farm
London	St Sophia's Cathedral	st sophia s cathedral
London	St. Mary Woolnoth Church	st mary woolnoth church
London	Butler's Wharf	butler s wharf
London	St James's Roman Catholic Church	st james s roman catholic church
London	Brooks Farm	brooks farm
London	Maida Vale	maida vale
London	Greenwich Heritage Centre	greenwich heritage centre
London	Coffeehouses (5)	coffeehouses
London	Gray's Inn	gray s inn
London	Gear Rentals (6)	gear rentals
London	The Bob Hope Theatre	the bob hope theatre
London	Stephens House & Gardens	stephens house gardens
London	Tachbrook Market	tachbrook market
London	West Norwood Cemetery	west norwood cemetery
London	West12 Shopping Centre	west12 shopping centre
London	Church of St. Martin-within-Ludgate	church of st martin within ludgate
London	Sambrook's Brewery	sambrook s brewery
London	Wood Street Indoor Market	wood street indoor market
London	31 Coventry Street	31 coventry street
London	Dinner Theaters (3)	dinner theaters
London	One Hyde Park	one hyde park
London	Girl with a Dolphin Fountain	girl with a dolphin fountain
London	Maryon Wilson Animal Park	maryon wilson animal park
London	Millfield Theatre	millfield theatre
London	Highgate Bathing Pond	highgate bathing pond
London	Golf Courses (13)	golf courses
London	Chapel Street Market	chapel street market
London	Baden-Powell House	baden powell house
London	Lauderdale House	lauderdale house
London	Grosvenor G Piccadilly Casino	grosvenor g piccadilly casino
London	Royal Victoria Dock and Bridge	royal victoria dock and bridge
London	King George VI Memorial	king george vi memorial
London	Capital Ring	capital ring
London	Forge Music and Arts Venue	forge music and arts venue
London	Puppet Theatre Barge	puppet theatre barge
London	Ravenscourt Park	ravenscourt park
London	Jazz Cafe POSK	jazz cafe posk
London	Old Bloomsbury	old bloomsbury
London	Southwark Brewing Company	southwark brewing company
London	Hahn/Cock Sculpture	hahn cock sculpture
London	Adrenaline & Extreme Tours (5)	adrenaline extreme tours
London	St George the Martyr	st george the martyr
London	Three Mills and Queen Elizabeth Olympic Park	three mills and queen elizabeth olympic park
London	Cave	cave
London	St. Mary Abchurch	st mary abchurch
London	The Clockmakers' Museum	the clockmakers museum
London	The Pet Cemetery of Hyde Park	the pet cemetery of hyde park
London	Cine Lumiere	cine lumiere
London	Portcullis House	portcullis house
London	Tate Boat	tate boat
London	Fishing Charters & Tours (2)	fishing charters tours
London	Deptford Market	deptford market
London	St Luke’s Church	st luke s church
London	Brew by Numbers	brew by numbers
London	Sikorski Museum	sikorski museum
London	Shadwell Basin	shadwell basin
London	Northcote Road Antiques Market	northcote road antiques market
London	Watts' Memorial	watts memorial
London	St Helen's Bishopsgate Church	st helen s bishopsgate church
London	Great Queen Street	great queen street
London	Clerkenwell	clerkenwell
London	Langham Place	langham place
London	The Drayton Arms Theatre	the drayton arms theatre
London	Savoy Tup	savoy tup
London	Grosvenor Casino Gloucester Road London	grosvenor casino gloucester road london
London	Lollipop Gallery	lollipop gallery
London	Brook Green Market and Kitchen	brook green market and kitchen
London	St Alfege Church	st alfege church
London	New Diorama Theatre	new diorama theatre
London	Brent Reservoir (Welsh Harp) Canalside	brent reservoir welsh harp canalside
London	Herne Hill Market	herne hill market
London	Lights of Soho	lights of soho
London	Visite Londres	visite londres
London	St Patrick's Church	st patrick s church
London	Elizabeth Garrett Anderson Room	elizabeth garrett anderson room
London	Portland Place	portland place
London	The London Library	the london library
London	Isokon Gallery	isokon gallery
London	Tooley Street	tooley street
London	ICA Cinema	ica cinema
London	Earl Haig Memorial	earl haig memorial
London	Jewel House	jewel house
London	City of London Cemetery and Crematorium	city of london cemetery and crematorium
London	The Shaw Theatre	the shaw theatre
London	Saint Marylebone Parish Church	saint marylebone parish church
London	Notre Dame de France	notre dame de france
London	Tower of London Ice Rink & Eis Haus Ice bar.	tower of london ice rink eis haus ice bar
London	Gagosian Gallery	gagosian gallery
London	John Snow Saloon	john snow saloon
London	Lee Valley Hockey and Tennis Centre	lee valley hockey and tennis centre
London	Oasis Sports Centre	oasis sports centre
London	Farm Street	farm street
London	Gordon Square	gordon square
London	Trinity House	trinity house
London	Honourable Artillery Company	honourable artillery company
London	Camden Arts Center	camden arts center
London	Hackney Museum	hackney museum
London	Mast Brothers	mast brothers
London	Brown Hart Gardens	brown hart gardens
London	SugarSin	sugarsin
London	Woodberry Wetlands	woodberry wetlands
London	Lumiere London	lumiere london
London	American Memorial Chapel	american memorial chapel
London	Street Food Union - Rupert Street SOHO	street food union rupert street soho
London	St George’s Church	st george s church
London	Roupell Street	roupell street
London	Cable Street Mural	cable street mural
London	South London Gallery	south london gallery
London	Brunei Gallery	brunei gallery
London	Chelsea Old Church	chelsea old church
London	Bow Street	bow street
London	One Tree Hill Local Nature Reserve	one tree hill local nature reserve
London	Zipline & Aerial Adventure Parks (1)	zipline aerial adventure parks
London	Howard Griffin Gallery	howard griffin gallery
London	Saint Peter's Italian Church	saint peter s italian church
London	Parasol unit foundation for contemporary art	parasol unit foundation for contemporary art
London	River Lea Navigation	river lea navigation
London	Snap Galleries London	snap galleries london
London	The Parish Church of St John-at-Hampstead	the parish church of st john at hampstead
London	West India Docks	west india docks
London	Pentameters Theatre	pentameters theatre
London	London Sri Murugan Temple	london sri murugan temple
London	Southbank Mosaics	southbank mosaics
London	Metropolitan Police Historical Collection	metropolitan police historical collection
London	Queen Elizabeth II Centre	queen elizabeth ii centre
London	UCL Art Museum	ucl art museum
London	St Giles-in-the-Fields Church	st giles in the fields church
London	GettyImages Gallery	gettyimages gallery
London	Gate Picturehouse	gate picturehouse
London	Joe Strummer Mural London	joe strummer mural london
London	Rivoli Ballroom	rivoli ballroom
London	Helicopter Tours (2)	helicopter tours
London	St Botolph's Aldgate	st botolph s aldgate
London	The Guild Church of ST Mary Aldermary	the guild church of st mary aldermary
London	Bramley's Big Adventure	bramley s big adventure
London	Waterlow Park	waterlow park
London	South Norwood Lake and Grounds	south norwood lake and grounds
London	Old Vic Tunnels	old vic tunnels
London	Down Street	down street
London	Anaesthesia Heritage Centre	anaesthesia heritage centre
London	Matchroom Stadium	matchroom stadium
London	Yoga & Pilates (26)	yoga pilates
London	Farthing Downs	farthing downs
London	Lammas Park	lammas park
London	Hyde Park Corner	hyde park corner
London	The Queen Square Park and Garden	the queen square park and garden
London	Bruce Castle Museum	bruce castle museum
London	Kindertransport-The Arrival Memorial	kindertransport the arrival memorial
London	Battersea Bridge	battersea bridge
London	The Greenwich Vintage Market	the greenwich vintage market
London	St. George's Gardens	st george s gardens
London	Venn Street Market	venn street market
London	Guard's Division Memorial	guard s division memorial
London	Queen Victoria Statue - Kensington	queen victoria statue kensington
London	Paddington Green and St. Mary's Churchyard	paddington green and st mary s churchyard
London	St. George's Church	st george s church
London	Players' Theatre	players theatre
London	Tibetan Peace Garden	tibetan peace garden
London	Ridley Road Shopping Village	ridley road shopping village
London	Haggerston Park	haggerston park
London	Coronet Cinema	coronet cinema
London	Church of the Immaculate Conception	church of the immaculate conception
London	Battersea Flower Station	battersea flower station
London	Archbishop's Park	archbishop s park
London	St. Michael's Cornhill	st michael s cornhill
London	Royal Aircraft Museum	royal aircraft museum
London	The Wiener Library	the wiener library
London	Richmond Bridge	richmond bridge
London	Whitechapel Road	whitechapel road
London	Billingsgate	billingsgate
London	Richmond Green	richmond green
London	St. Margarets Church Westminster Abbey	st margarets church westminster abbey
London	Design Centre	design centre
London	St John's Waterloo	st john s waterloo
London	Highgate Wood	highgate wood
London	The Russian Orthodox Church	the russian orthodox church
London	London New Cavendish Street	london new cavendish street
London	Hanwell Lock Flight Canalside	hanwell lock flight canalside
London	HTB Onslow Square	htb onslow square
London	Brixton Brewery	brixton brewery
London	Dean's Yard	dean s yard
London	Wine Tours & Tastings (6)	wine tours tastings
London	Wimbledon Windmill Museum	wimbledon windmill museum
London	Hammams & Turkish Baths (5)	hammams turkish baths
London	Greyfriars Passage	greyfriars passage
London	London Docklands Visitor Centre	london docklands visitor centre
London	Westbourne Grove	westbourne grove
London	Exchange Square	exchange square
London	London Beer Lab	london beer lab
London	Vintners' Hall	vintners hall
London	Honor Oak Park	honor oak park
London	West Hampstead Farmers' Market	west hampstead farmers market
London	West Street	west street
London	St. Alfege's	st alfege s
London	Queen's Chapel	queen s chapel
London	Cheyne Walk	cheyne walk
London	Bethnal Green Station	bethnal green station
London	St. Michael Paternoster Royal	st michael paternoster royal
London	Church Street	church street
London	Islington Museum	islington museum
London	Fitzrovia Chapel	fitzrovia chapel
London	Bow Church	bow church
London	Myatt's Fields Park	myatt s fields park
London	The Place	the place
London	St. Giles Cripplegate	st giles cripplegate
London	Kelmscott House	kelmscott house
London	London Sewing Machine Museum	london sewing machine museum
London	The Guild Church of St. Margaret Pattens	the guild church of st margaret pattens
London	The London Loop	the london loop
London	St. Dunstan's Church	st dunstan s church
London	Abbott & Holder	abbott holder
London	Primrose Hill Market	primrose hill market
London	Haunch of Venison	haunch of venison
London	St Mary's Church	st mary s church
London	Cigar Bars (4)	cigar bars
London	British Boot Company	british boot company
London	Seven Sisters Indoor Market	seven sisters indoor market
London	Waterskiing & Jetskiing (2)	waterskiing jetskiing
London	Rosewood London Slow Food & Living Market	rosewood london slow food living market
London	Carlton House Terrace	carlton house terrace
London	The London Design Festival	the london design festival
London	The Yard Theatre	the yard theatre
London	Thames River Police Museum	thames river police museum
London	Iris Theatre	iris theatre
London	St Mark's Regent Park	st mark s regent park
London	Waterloo East Theatre	waterloo east theatre
London	Maughan Library	maughan library
London	Earls Court Exhibition Center	earls court exhibition center
London	Gillespie Park Nature Reserve and Islington Ecology	gillespie park nature reserve and islington ecology
London	Galeria Melissa	galeria melissa
London	Chestertons Polo in the Park	chestertons polo in the park
London	Tin Pan Alley	tin pan alley
London	Photofusion	photofusion
London	Red Cross Cottages & Garden	red cross cottages garden
London	Mount Street Gardens	mount street gardens
London	Emmanuel Centre	emmanuel centre
London	Pitzhanger Manor	pitzhanger manor
London	Islington Green	islington green
London	Statue of Charles James Napier	statue of charles james napier
London	The Mosaic Rooms	the mosaic rooms
London	Grosvenor Casino Barracuda, London	grosvenor casino barracuda london
London	Hammersmith Cemetery	hammersmith cemetery
London	Imperial College Sports Centre	imperial college sports centre
London	Kilburn	kilburn
London	Canonbury Grove	canonbury grove
London	Dairy Art Centre	dairy art centre
London	Wimbledon Art Studios	wimbledon art studios
London	Central Saint Giles	central saint giles
London	Gunnersbury Triangle	gunnersbury triangle
London	Barnes Green	barnes green
London	Masala Kitchen	masala kitchen
London	Hammersmith Bridge	hammersmith bridge
London	Guildhall Library	guildhall library
London	The Asylum Chapel	the asylum chapel
London	The Geological Society	the geological society
London	The Horse Hospital	the horse hospital
London	Pace Gallery	pace gallery
London	Emery Walker Arts & Crafts house	emery walker arts crafts house
London	Pendulum of Mayfair Ltd - Antique Grandfather Clocks	pendulum of mayfair ltd antique grandfather clocks
London	Curwen Gallery	curwen gallery
London	Marx Memorial Library	marx memorial library
London	Gate Theatre	gate theatre
London	Gilbert Collection	gilbert collection
London	The Park Tower Casino London	the park tower casino london
London	East Ham Nature Reserve	east ham nature reserve
London	James Abbott McNeill Whistler Statue	james abbott mcneill whistler statue
London	The Jozef Pilsudski Institute	the jozef pilsudski institute
London	Stern Pissarro Gallery	stern pissarro gallery
London	Jimmy Cauty's Model Village	jimmy cauty s model village
London	BDA Dental Museum	bda dental museum
London	Lee Valley Athletics Centre	lee valley athletics centre
London	Highams Park	highams park
London	Saint Saviour Pimlico	saint saviour pimlico
London	Boat Rentals (3)	boat rentals
London	Mare Street	mare street
London	Traffic Light Tree	traffic light tree
London	St. Georges Square	st georges square
London	Italian Cultural Institute	italian cultural institute
London	Grosvenor Prints	grosvenor prints
London	Merton Abbey Mills	merton abbey mills
London	Wimbledon Library	wimbledon library
London	Golborne Road	golborne road
London	Haringey	haringey
London	Hoxton Square	hoxton square
London	Hampstead Museum	hampstead museum
London	Not the Royal Academy	not the royal academy
London	Nine Elms Sunday Market	nine elms sunday market
London	Trinity Hospital	trinity hospital
London	College of Arms	college of arms
London	Chelsea Embankment Gardens	chelsea embankment gardens
London	Agatha Christie Memorial	agatha christie memorial
London	L.C.C. Fire Brigade Station Euston 1902	l c c fire brigade station euston 1902
London	Viewfinder Photography Gallery	viewfinder photography gallery
London	Genting Casino Cromwell Mint	genting casino cromwell mint
London	Atomica Gallery	atomica gallery
London	The Church of St Vedast Alias Foster	the church of st vedast alias foster
London	Society of Antiquaries of London	society of antiquaries of london
London	Lisson Gallery	lisson gallery
London	Crockfords	crockfords
London	The House of Dreams, Stephen Wright	the house of dreams stephen wright
London	Elfin Oak	elfin oak
London	Hang-Up Pictures	hang up pictures
London	UCL Geology Collections	ucl geology collections
London	Water Sports (5)	water sports
London	London Natsume Soseki Memorial Hall	london natsume soseki memorial hall
London	Electric Avenue	electric avenue
London	Victoria Place	victoria place
London	Field Marshal William Slim Statue	field marshal william slim statue
London	Hay Hill Gallery	hay hill gallery
London	Plaza Premium Lounge	plaza premium lounge
London	Prince George Statue	prince george statue
London	Upper and Lower Grosvenor Gardens	upper and lower grosvenor gardens
London	Sir John Betjeman Statue	sir john betjeman statue
London	Now Gallery	now gallery
London	Charnel House	charnel house
London	Gagliardi Gallery	gagliardi gallery
London	Karaoke Bars (4)	karaoke bars
London	Van Gogh Exhibition	van gogh exhibition
London	Well Hall Pleasaunce	well hall pleasaunce
London	Greenwood Theatre	greenwood theatre
London	St. Sepulchre Without Newgate Church	st sepulchre without newgate church
London	The Goldsmiths Company	the goldsmiths company
London	Sydenham Hill Wood and Cox's Walk	sydenham hill wood and cox s walk
London	Fishmongers' Hall	fishmongers hall
London	Marc Bolan's Rock Shrine	marc bolan s rock shrine
London	Half Moon Theatre	half moon theatre
London	Gipsy Hill Brewery	gipsy hill brewery
London	Curious Duke Gallery	curious duke gallery
London	Bhrams and Liszt	bhrams and liszt
London	British Optical Association Museum	british optical association museum
London	The British Vintage Wireless and Television Museum	the british vintage wireless and television museum
London	Bow Creek Ecology Park	bow creek ecology park
London	New End Theatre	new end theatre
London	Cadence Performance Ltd	cadence performance ltd
London	Visions of the Universe exhibition	visions of the universe exhibition
London	Priory Park	priory park
London	Outdoors in the City	outdoors in the city
London	Lesley Craze Gallery	lesley craze gallery
London	London Fencing Club	london fencing club
London	Percival David Foundation of Chinese Art	percival david foundation of chinese art
London	EMI House	emi house
London	Burlington House	burlington house
London	Allies Statue - Franklin D. Roosevelt and Winston Churchill	allies statue franklin d roosevelt and winston churchill
London	St. Dominic's Priory Church	st dominic s priory church
London	The Hope Theatre	the hope theatre
London	Old Kensington	old kensington
London	Thames Galleries	thames galleries
London	Brenchley Gardens	brenchley gardens
London	The london stone	the london stone
London	Art Work Space	art work space
London	The British Postal Museum & Archive	the british postal museum archive
London	Royal Air Force Memorial	royal air force memorial
London	St James's Church	st james s church
London	Bazaar at the Arcola Theatre	bazaar at the arcola theatre
London	Broad Street Cholera Pump	broad street cholera pump
London	Chiosco	chiosco
London	Conway Hall	conway hall
London	Kensington Leisure Centre	kensington leisure centre
London	Clowns' Gallery & Museum	clowns gallery museum
London	Mahatma Gandhi Statue	mahatma gandhi statue
London	The Depot	the depot
London	Adm Of Fleet Earl Mountbatten Of Burma Statue	adm of fleet earl mountbatten of burma statue
London	Hyde Park Sporting Club	hyde park sporting club
London	Holy Trinity Church	holy trinity church
London	St Mary's Stoke Newington	st mary s stoke newington
London	StolenSpace Gallery	stolenspace gallery
London	Boma Garden Centre Ltd	boma garden centre ltd
London	St. Olaf Statue	st olaf statue
London	Goethe Institute	goethe institute
London	Royal Pharmaceutical Society Museum	royal pharmaceutical society museum
London	11 September 2001 Memorial Gardens	11 september 2001 memorial gardens
London	Mary Seacole Statue	mary seacole statue
London	St. James' Square	st james square
London	The Meeting Place Statue	the meeting place statue
London	Turner Art Prize Exposition	turner art prize exposition
London	Nelson Mandela Statue	nelson mandela statue
London	Shopping Tours (8)	shopping tours
London	St. Augustine Queens Gate	st augustine queens gate
London	Chrisp Street Market	chrisp street market
London	Ronald Reagan Statue	ronald reagan statue
London	Putney Arts Theatre	putney arts theatre
London	Britain's Smallest Police Station	britain s smallest police station
London	De Morgan Centre	de morgan centre
London	St Peter's Barge	st peter s barge
London	High Sports West 1 Climbing Centre	high sports west 1 climbing centre
London	Bedford Square	bedford square
London	Joseph Brodsky Memorial Plaque	joseph brodsky memorial plaque
London	Ambika P3	ambika p3
London	Montagu Square	montagu square
London	Church of Christ the King	church of christ the king
London	Russian Patriarchal Orthodox cathedral	russian patriarchal orthodox cathedral
London	West London Synagogue	west london synagogue
London	Statue of Captain James Cook	statue of captain james cook
London	St Andrews Undershaft	st andrews undershaft
London	The Graffiti Life Gallery	the graffiti life gallery
London	Freightliners City Farm	freightliners city farm
London	Royal Victoria Gardens	royal victoria gardens
London	Keats House	keats house
London	WaterWorks Centre & Middlesex Filter Beds	waterworks centre middlesex filter beds
London	Albion Riverside	albion riverside
London	Old Town Hall Stratford	old town hall stratford
London	Gatehouse Theatre	gatehouse theatre
London	New Caledonian Market	new caledonian market
London	GRAD	grad
London	Clapton Pond	clapton pond
London	Thermal Spas (1)	thermal spas
London	General Charles George Gordon statue	general charles george gordon statue
London	Statue of General Sir James Outram	statue of general sir james outram
London	Joy of Life Fountain	joy of life fountain
London	Wellington Monument (Achille's Statue)	wellington monument achille s statue
London	Golden Boy of Pye Corner	golden boy of pye corner
London	Wendell Park Market	wendell park market
London	Abbey Mills Pumping Station	abbey mills pumping station
London	Hyde Park Chapel Visitors’ Centers	hyde park chapel visitors centers
London	55 Broadway	55 broadway
London	Our Most Holy Redeemer & S. Thomas More Catholic Church	our most holy redeemer s thomas more catholic church
London	Blain/Southern	blain southern
London	Heathrow Travel Information Centre	heathrow travel information centre
London	The Barnes Trail	the barnes trail
London	Maryon Park	maryon park
London	Canada House	canada house
London	The Memorial to the Brigade of Gurkhas	the memorial to the brigade of gurkhas
London	The Guards' Chapel	the guards chapel
London	Belgrave Square Garden	belgrave square garden
London	STAR WARS Identities at The O2	star wars identities at the o2
London	Southwark Park	southwark park
London	Zari Gallery	zari gallery
London	Crystal Palace Antique and Modern Warehouse	crystal palace antique and modern warehouse
London	Southwark Park	southwark park
London	Potterton Books	potterton books
London	Pineapple Dance Studios	pineapple dance studios
London	Rowley Gallery	rowley gallery
London	Admiral Beatty Memorial Fountain	admiral beatty memorial fountain
London	Alfred Hitchcock Mosaics -Leytonstone tube station	alfred hitchcock mosaics leytonstone tube station
London	The Danish Church of St Katharine's	the danish church of st katharine s
London	Tottenham Green Market	tottenham green market
London	Museum of Happiness	museum of happiness
London	Charlie Chaplin' House	charlie chaplin house
London	Garden Suburb Theatre	garden suburb theatre
London	St. Peter the Apostle	st peter the apostle
London	James Freeman Gallery	james freeman gallery
London	St Marks Dalston	st marks dalston
London	Weird Beard	weird beard
London	Serena Morton 11 Gallery	serena morton 11 gallery
London	Gala Bingo Enfield	gala bingo enfield
London	The Temple	the temple
London	Markfield Beam Engine Museum	markfield beam engine museum
London	Eames Fine Art	eames fine art
London	Society of Genealogists	society of genealogists
London	The Lemongrove Gallery	the lemongrove gallery
London	My Old Dutch	my old dutch
London	Walthamsow Reservoirs	walthamsow reservoirs
London	Thames Baths Lido	thames baths lido
London	Anerley Methodist Church	anerley methodist church
London	St. Anne's Lutheran Church	st anne s lutheran church
London	The London Ale Trail	the london ale trail
London	Russia Dock Woodland	russia dock woodland
London	St. Mark’s	st mark s
London	Willesden Jewish Cemetery	willesden jewish cemetery
London	Britain's Museum of Popular Music	britain s museum of popular music
London	Jumping Jacks Play Cafe	jumping jacks play cafe
London	The Abercorn Arms, Teddington	the abercorn arms teddington
London	St Matthias Old Church	st matthias old church
London	FreeFit	freefit
London	Dana Centre	dana centre
London	Fo Guang Shan Temple	fo guang shan temple
London	London Underwriting Centre	london underwriting centre
London	Fine Art Society	fine art society
London	FA Premier League Hall of Fame	fa premier league hall of fame
London	Thackeray Gallery	thackeray gallery
London	Laure Genillard	laure genillard
London	Waddington Galleries	waddington galleries
London	Hamilton's	hamilton s
London	T.S. Eliot Home	t s eliot home
London	Execution Dock	execution dock
London	Chelsea Sports Centre	chelsea sports centre
London	Crystal Palace National Sports Centre	crystal palace national sports centre
London	Wireless Festival	wireless festival
London	Partizan Brewing Co.	partizan brewing co
London	Shoreditch Town Hall	shoreditch town hall
London	Raven Row	raven row
London	Sidmouth Park	sidmouth park
London	The hot box	the hot box
London	Planet Ice	planet ice
London	City Business Library	city business library
London	The Approach	the approach
London	The O2	the o2
London	Windrush Square	windrush square
London	Paint & Pottery Studios (4)	paint pottery studios
London	Kynance Mews	kynance mews
London	Tossed	tossed
London	The Home Office Building	the home office building
London	Scuba & Snorkeling (4)	scuba snorkeling
London	St George in the East Church	st george in the east church
London	O2 Shop	o2 shop
London	Skylark Galleries	skylark galleries
London	Queen Caroline's Temple	queen caroline s temple
London	Hugh Trenchard Statue	hugh trenchard statue
London	Trades Union Congress Building	trades union congress building
London	South London Botanical Institute	south london botanical institute
London	Speke Monument	speke monument
London	Golden Square	golden square
London	Franklin D. Roosevelt Memorial	franklin d roosevelt memorial
London	Skiplex Indoor Ski Slopes	skiplex indoor ski slopes
London	The Mystery of Edwin Drood	the mystery of edwin drood
London	Fashion Shows & Tours (2)	fashion shows tours
London	Southmere Park	southmere park
London	Chelsea Affiliated Synagogue	chelsea affiliated synagogue
London	East End gallery-hopping	east end gallery hopping
London	Palewell Common and Fields	palewell common and fields
London	The Reel Poster Gallery	the reel poster gallery
London	Nature & Wildlife Tours (1)	nature wildlife tours
London	Quantum Cloud (sculpture).	quantum cloud sculpture
London	Crabtree Fields	crabtree fields
London	Parson's Green Farmers' Market	parson s green farmers market
London	Origin Gallery	origin gallery
London	Archway Bridge	archway bridge
London	St. Margaret Lothbury Church	st margaret lothbury church
London	Geraldine Mary Harmsworth Park	geraldine mary harmsworth park
London	Burberry Factory Shop	burberry factory shop
London	Peckham Platform	peckham platform
London	Simone Bolivar Statue	simone bolivar statue
London	Prince Henry the Navigator Statue	prince henry the navigator statue
London	Statue of Achilles	statue of achilles
London	Admiral Jellicoe Memorial Fountain	admiral jellicoe memorial fountain
London	David Lloyd George Statue	david lloyd george statue
London	Earth Natural Foods	earth natural foods
London	Now Gallery	now gallery
London	RHS Lindley Library	rhs lindley library
London	Pymmes Park	pymmes park
London	Bramford Gardens	bramford gardens
London	Sir Hugh Myddelton Statue	sir hugh myddelton statue
London	The Camden Centre	the camden centre
London	Ducketts Common	ducketts common
London	St Nicholas Cole Abbey	st nicholas cole abbey
London	Plaque Giuseppe Mazzini	plaque giuseppe mazzini
London	Victoria	victoria
London	Wanstead Flats Playing Fields	wanstead flats playing fields
London	Studio Fusion Gallery	studio fusion gallery
London	Pangolin London	pangolin london
London	Cello Factory	cello factory
London	St. Pius X Catholic Church	st pius x catholic church
London	Camberwell Old Cemetary	camberwell old cemetary
London	Leeke Street	leeke street
London	Phoenix Garden	phoenix garden
London	Tarn Bird Sanctuary	tarn bird sanctuary
London	Young Dancer	young dancer
London	Coronation Gardens	coronation gardens
London	Annely Juda Fine Art	annely juda fine art
London	The Poetry Library	the poetry library
London	Crofton Park Library	crofton park library
London	Rupert Cavendish	rupert cavendish
London	Hermitage Rooms at Somerset House	hermitage rooms at somerset house
London	Dolphin Swimming Club	dolphin swimming club
London	Sutton Junior Tennis Club	sutton junior tennis club
London	St George's Campden Hill	st george s campden hill
London	50 St James	50 st james
London	Euston Square Gardens	euston square gardens
London	Major General Sir Henry Havelock Statue	major general sir henry havelock statue
London	Benjamin Disraeli Statue	benjamin disraeli statue
London	Robert Peel Statue	robert peel statue
London	Henry John Temple Statue	henry john temple statue
London	Church of St James the Less	church of st james the less
London	Nederlandse Kerk	nederlandse kerk
London	Blues Clubs & Bars (5)	blues clubs bars
London	East Ham Market Hall	east ham market hall
London	Lord Portal of Hungerford	lord portal of hungerford
London	St Ethelburga's	st ethelburga s
London	Waterloo Millennium Green	waterloo millennium green
London	Henry Bartle Frere Statue	henry bartle frere statue
London	Sir Henry Wilson Bart	sir henry wilson bart
London	Great Eastern Railway War Memorial	great eastern railway war memorial
London	William Tyndale Statue	william tyndale statue
London	Newton Monument	newton monument
London	Eagle Squadrons Memorial	eagle squadrons memorial
London	Edward Smith Stanley Statue	edward smith stanley statue
London	Museum of Soho	museum of soho
London	Southbank Centre Food Market	southbank centre food market
London	Guild Church of St Benet Paul's Wharf	guild church of st benet paul s wharf
London	Sutcliffe Park	sutcliffe park
London	Black Death Burial Pit	black death burial pit
London	Parliament Hill Athletics Track	parliament hill athletics track
London	Fruit & Veg Fresh Smoothie	fruit veg fresh smoothie
London	Church of Saint Anselm & Saint Cecilia	church of saint anselm saint cecilia
London	Abbott's Park	abbott s park
London	Sunnamusk	sunnamusk
London	The Georgian Squares of London	the georgian squares of london
London	The Minema	the minema
London	Randolph Road	randolph road
London	Segway Tours (1)	segway tours
London	Piano Bars (3)	piano bars
London	Horse-Drawn Carriage Tours (2)	horse drawn carriage tours
London	Waterfront Leisure Centre	waterfront leisure centre
London	Ellis Street	ellis street
London	Shooting Ranges (1)	shooting ranges
London	Pancras Square Leisure Centre	pancras square leisure centre
London	Storeys	storeys
London	Southeastern Railway	southeastern railway
London	Country & Western Bars (1)	country western bars
London	Vespa, Scooter & Moped Tours (1)	vespa scooter moped tours
London	Climbing Tours (1)	climbing tours
London	Capital Car Boot Sale	capital car boot sale
London	Hop-On Hop-Off Tours (5)	hop on hop off tours
London	Highbury Pool	highbury pool
London	Headstone Manor Museum	headstone manor museum
London	Westow Street Market	westow street market
London	Bernard Montgomery Statue	bernard montgomery statue
London	Abraham Lincoln: The Man	abraham lincoln the man
London	Jan Smuts Statue	jan smuts statue
London	Prince Henry's Room	prince henry s room
London	Altab Ali Park	altab ali park
London	Queen Mother Sports Centre	queen mother sports centre
London	Magda Danysz Gallery	magda danysz gallery
London	The Coronet	the coronet
London	Whitfield Fine Art	whitfield fine art
London	Excess Baggage Company	excess baggage company
London	Pirates Playhouse	pirates playhouse
London	Hornsey Town Hall Arts Centre	hornsey town hall arts centre
London	Wclock	wclock
London	Canons Park	canons park
London	The View	the view
London	Westminster PT Academy	westminster pt academy
London	Old Ford Lock at Bow Wharf Canalside	old ford lock at bow wharf canalside
London	Ben Oakley Gallery	ben oakley gallery
London	Cheney Road	cheney road
London	Stand-Up Paddleboarding (1)	stand up paddleboarding
London	Ski & Snow Tours (1)	ski snow tours
London	Eco Tours (1)	eco tours
London	Balloon Rides (1)	balloon rides
London	Self-Guided Tours & Rentals (2)	self guided tours rentals
London	St John at Hackney Church	st john at hackney church
London	Nomadic Community Garden	nomadic community garden
London	Inverness Street Market	inverness street market
London	St Edmund, King and Martyr Church	st edmund king and martyr church
London	Krav Maga Self Defence	krav maga self defence
London	Victoria Park	victoria park
London	Oasis Farm Waterloo	oasis farm waterloo
London	Mary Seacole Memorial Statue Appeal	mary seacole memorial statue appeal
London	Mary Seacole Statue	mary seacole statue
London	Connaught village	connaught village
London	The Salvation Army International Heritage Centre	the salvation army international heritage centre
London	Chisenhale Gallery	chisenhale gallery
London	Royal Armouries	royal armouries
London	Redbridge Drama Centre	redbridge drama centre
London	Park Lane Club London	park lane club london
London	Christopher Columbus Statue	christopher columbus statue
London	Jose de San Martin Statue	jose de san martin statue
London	Rhn Tennis	rhn tennis
London	Granary Square Kings Cross	granary square kings cross
London	The Penny Panther	the penny panther
London	Jord and Lib's Portfolio	jord and lib s portfolio
London	Cheap Umrah Deals	cheap umrah deals
London	St Barnabas Church	st barnabas church
London	Offie & Toffee	offie toffee
London	Staffords Gallery	staffords gallery
London	Regent's Conferences & Events	regent s conferences events
London	Bold Tendencies	bold tendencies
London	Butler's Gin	butler s gin
London	Bimber Distillery	bimber distillery
London	V-Tennis	v tennis
London	Apolaki Krav Maga & Dirty Boxing Academy	apolaki krav maga dirty boxing academy
London	Fashion Space Gallery	fashion space gallery
London	Russian National Tourist Office	russian national tourist office
London	Gallery 75	gallery 75
London	Peekaboo Vintage	peekaboo vintage
London	Parliament Hill Cricket Ground	parliament hill cricket ground
London	Parliament Hill Tennis Courts	parliament hill tennis courts
London	ISKCON South London	iskcon south london
London	ArtsCafe	artscafe
London	Running Club London – We Run	running club london we run
London	Palm Tree Gallery	palm tree gallery
London	Centre of the Cell	centre of the cell
London	Gerald Moore Gallery	gerald moore gallery
London	Hagers Shul	hagers shul
London	Marie Wendy Jackson Gallery	marie wendy jackson gallery
London	Rum Ramble	rum ramble
London	TriSpace Gallery	trispace gallery
London	Saul Greenstein Antique Jewellery	saul greenstein antique jewellery
London	Tempus Gallery	tempus gallery
London	W3 Gallery	w3 gallery
London	BKD	bkd
London	Brentford Market	brentford market
London	Dandelion Health	dandelion health
London	Heartbreak Gallery - official gallery for Jack Vettriano	heartbreak gallery official gallery for jack vettriano
London	Carre d'artistes - Galerie d'art	carre d artistes galerie d art
London	Matts Gallery	matts gallery
London	Sweet Spot10	sweet spot10
London	LGBT Heart	lgbt heart
London	Clancys pub charlton	clancys pub charlton
London	Villa in Canto - Lauderdale House	villa in canto lauderdale house
London	Golden Carousel Ltd	golden carousel ltd
London	Anise Gallery	anise gallery
London	SW1 Gallery	sw1 gallery
London	Barakat Gallery	barakat gallery
London	Carville Hall Park	carville hall park
London	Central Saint Gilles	central saint gilles
London	Rivington Place	rivington place
London	Kinetica Museum	kinetica museum
London	The Noble Sage Art Gallery	the noble sage art gallery
London	Clermont Club	clermont club
London	Judy Greenwood Antiques	judy greenwood antiques
London	Gallery of Antique Costume and Textiles	gallery of antique costume and textiles
London	Christopher Gibbs	christopher gibbs
London	Bac Opera	bac opera
London	Vilma Gold	vilma gold
London	Hammer Sidi	hammer sidi
London	Contemporary Art Society	contemporary art society
London	The Blue Gallery	the blue gallery
London	Cinch	cinch
London	Board X Snowboard Festival	board x snowboard festival
London	Movie Poster Art Gallery	movie poster art gallery
London	Capital Helpline	capital helpline
London	Vanderbilt Racquet Club	vanderbilt racquet club
London	Association Gallery	association gallery
London	Plashet Zoo	plashet zoo
London	Soviet Carpet & Art Galleries	soviet carpet art galleries
London	Museum of Culinary History and Alimentation (MoCHA)	museum of culinary history and alimentation mocha
London	Dazzle	dazzle
London	Bravura Creative Art Studio	bravura creative art studio
London	Julian Simon Fine Art	julian simon fine art
London	Judith Clark Costume Gallery	judith clark costume gallery
London	Institute of International Visual Arts	institute of international visual arts
London	Roman Black Gallery	roman black gallery
London	Picasso's Place	picasso s place
London	Patricia Kleinman	patricia kleinman
London	Guidephone	guidephone
London	Cabaret Mechanical Theatre	cabaret mechanical theatre
London	Andrew Mummery Gallery	andrew mummery gallery
London	Maureen Paley	maureen paley
London	Lux Centre	lux centre
London	Caelt Gallery	caelt gallery
London	Tryon & Swan Gallery	tryon swan gallery
London	Browse & Darby Gallery	browse darby gallery
London	Agnew's	agnew s
London	Anthony d'Offay Gallery	anthony d offay gallery
London	Pearson Gallery	pearson gallery
London	Peter Scott Visitors' Center	peter scott visitors center
London	Israel Zangwill's House	israel zangwill s house
London	Soup Kitchen for the Jewish Poor	soup kitchen for the jewish poor
